interest_level,count,mean,std,min,25%,50%,75%,max
high,3819.0,2661.2055511914114,1091.4194852734447,700.0,1850.0,2400.0,3150.0,8000.0
low,32828.0,3558.2804922627024,1344.3343304655784,43.0,2600.0,3250.0,4195.0,8999.0
medium,11154.0,3130.1111708804015,1172.4073529191487,695.0,2300.0,2875.0,3600.0,8995.0
