interest_level,count,mean,std,min,25%,50%,75%,max
high,3839.0,2700.2930450638187,2080.554641255222,700.0,1850.0,2400.0,3163.0,111111.0
low,34284.0,4176.599142457123,26449.32154892318,43.0,2625.0,3300.0,4400.0,4490000.0
medium,11229.0,3158.76738801318,1243.693856198535,695.0,2300.0,2895.0,3650.0,15000.0
